[
  {
    "id": "6d8bcc71-e63f-4666-9718-8a6c232964b2",
    "data": [
      {
        "text": "sure",
        "userDefined": false
      }
    ],
    "isTemplate": false,
    "count": 2,
    "updated": 1533691739
  },
  {
    "id": "27b15290-fac8-4977-9329-56346c436760",
    "data": [
      {
        "text": "okay",
        "userDefined": false
      }
    ],
    "isTemplate": false,
    "count": 1,
    "updated": 1533691739
  },
  {
    "id": "c61af88c-5646-4850-ab2d-b2507158ab2e",
    "data": [
      {
        "text": "sounds correct",
        "userDefined": false
      }
    ],
    "isTemplate": false,
    "count": 1,
    "updated": 1533691739
  },
  {
    "id": "dc22b48a-b940-4adb-b7b0-c09d623b6379",
    "data": [
      {
        "text": "yep that\u0027s ok",
        "userDefined": false
      }
    ],
    "isTemplate": false,
    "count": 0,
    "updated": 1533691739
  },
  {
    "id": "7f751272-3fa1-4ea2-8abd-fc9764a53ab4",
    "data": [
      {
        "text": "that works",
        "userDefined": false
      }
    ],
    "isTemplate": false,
    "count": 0,
    "updated": 1533691739
  },
  {
    "id": "6fc48bc8-f0e5-4443-8d6c-aef2ca112ec7",
    "data": [
      {
        "text": "yes that\u0027s alright",
        "userDefined": false
      }
    ],
    "isTemplate": false,
    "count": 0,
    "updated": 1533691739
  },
  {
    "id": "a11adbd4-aae9-4f16-bcb5-27acf27eef14",
    "data": [
      {
        "text": "I think so",
        "userDefined": false
      }
    ],
    "isTemplate": false,
    "count": 0,
    "updated": 1533691739
  },
  {
    "id": "2c1a1c83-2d4c-4d72-bea1-8564e37aad77",
    "data": [
      {
        "text": "yes I do",
        "userDefined": false
      }
    ],
    "isTemplate": false,
    "count": 0,
    "updated": 1533691739
  },
  {
    "id": "653c52f3-29f6-4e9f-80ce-529c43c0a366",
    "data": [
      {
        "text": "for sure",
        "userDefined": false
      }
    ],
    "isTemplate": false,
    "count": 0,
    "updated": 1533691739
  },
  {
    "id": "760c9a42-ac4f-4ccd-9ff3-a26608e7b301",
    "data": [
      {
        "text": "sg",
        "userDefined": false
      }
    ],
    "isTemplate": false,
    "count": 0,
    "updated": 1533691739
  },
  {
    "id": "b6dbc214-c16c-4c4b-b59b-cdf5ae19d70b",
    "data": [
      {
        "text": "yes I agree",
        "userDefined": false
      }
    ],
    "isTemplate": false,
    "count": 1,
    "updated": 1533691739
  },
  {
    "id": "2d21f134-f2bd-4f6a-9acd-c59d45af21ad",
    "data": [
      {
        "text": "I agree",
        "userDefined": false
      }
    ],
    "isTemplate": false,
    "count": 2,
    "updated": 1533691739
  },
  {
    "id": "408352d5-465f-4a36-916e-dde219e6402e",
    "data": [
      {
        "text": "ok",
        "userDefined": false
      }
    ],
    "isTemplate": false,
    "count": 1,
    "updated": 1533691739
  },
  {
    "id": "c223ee71-c091-4361-b4cf-9a25c6e42425",
    "data": [
      {
        "text": "yes that\u0027t ok",
        "userDefined": false
      }
    ],
    "isTemplate": false,
    "count": 0,
    "updated": 1533691739
  },
  {
    "id": "e9c2f71f-3f7a-4baf-85da-621dc75525d7",
    "data": [
      {
        "text": "that one works",
        "userDefined": false
      }
    ],
    "isTemplate": false,
    "count": 0,
    "updated": 1533691739
  },
  {
    "id": "247347d0-3326-4b4e-b43e-d33930b4e130",
    "data": [
      {
        "text": "I don\u0027t mind",
        "userDefined": false
      }
    ],
    "isTemplate": false,
    "count": 3,
    "updated": 1533691739
  },
  {
    "id": "0e44562a-ec89-43c4-afa5-52d6722b60fb",
    "data": [
      {
        "text": "okay I will",
        "userDefined": false
      }
    ],
    "isTemplate": false,
    "count": 2,
    "updated": 1533691739
  },
  {
    "id": "5f772d3c-5eff-4928-9e3f-2f5fc94a794c",
    "data": [
      {
        "text": "exactly",
        "userDefined": false
      }
    ],
    "isTemplate": false,
    "count": 1,
    "updated": 1533691739
  },
  {
    "id": "89acf4b7-3bb8-4551-9843-176eb10ad1b7",
    "data": [
      {
        "text": "sure why not",
        "userDefined": false
      }
    ],
    "isTemplate": false,
    "count": 0,
    "updated": 1533691739
  },
  {
    "id": "13f32494-9685-4b29-b121-e4632a3cf67b",
    "data": [
      {
        "text": "yes",
        "userDefined": false
      }
    ],
    "isTemplate": false,
    "count": 1,
    "updated": 1533691739
  },
  {
    "id": "63feeeb3-9ef8-4e26-8f8c-ccaf3b3eaac8",
    "data": [
      {
        "text": "why not",
        "userDefined": false
      }
    ],
    "isTemplate": false,
    "count": 0,
    "updated": 1533691739
  },
  {
    "id": "a174955a-216b-40e4-b676-74fff05b6a19",
    "data": [
      {
        "text": "of course",
        "userDefined": false
      }
    ],
    "isTemplate": false,
    "count": 0,
    "updated": 1533691739
  },
  {
    "id": "8637890f-f4d2-413a-b114-7cff20b40b7a",
    "data": [
      {
        "text": "yep that\u0027s right",
        "userDefined": false
      }
    ],
    "isTemplate": false,
    "count": 1,
    "updated": 1533691739
  },
  {
    "id": "8a2b3187-3ce9-4b8f-bc98-77cf1c0fdaef",
    "data": [
      {
        "text": "yes you can do it",
        "userDefined": false
      }
    ],
    "isTemplate": false,
    "count": 0,
    "updated": 1533691739
  },
  {
    "id": "4230298b-9d4a-4e24-a6ce-090041e5e7a0",
    "data": [
      {
        "text": "perfect",
        "userDefined": false
      }
    ],
    "isTemplate": false,
    "count": 0,
    "updated": 1533691739
  },
  {
    "id": "882ffa58-0c77-43cc-b836-9d375cf130e7",
    "data": [
      {
        "text": "it\u0027s okay",
        "userDefined": false
      }
    ],
    "isTemplate": false,
    "count": 0,
    "updated": 1533691739
  },
  {
    "id": "7a49c604-cf5c-4364-b96a-8bc4bf9b7a63",
    "data": [
      {
        "text": "absolutely",
        "userDefined": false
      }
    ],
    "isTemplate": false,
    "count": 1,
    "updated": 1533691739
  },
  {
    "id": "ca6dad88-c065-4bb8-b5db-a81b62107920",
    "data": [
      {
        "text": "go ahead",
        "userDefined": false
      }
    ],
    "isTemplate": false,
    "count": 1,
    "updated": 1533691739
  },
  {
    "id": "2248e6a3-5e0b-48cc-b247-22dfae390f55",
    "data": [
      {
        "text": "it\u0027s fine",
        "userDefined": false
      }
    ],
    "isTemplate": false,
    "count": 0,
    "updated": 1533691739
  },
  {
    "id": "63794371-78e2-4cc9-9da0-564528dcb1ce",
    "data": [
      {
        "text": "confirm",
        "userDefined": false
      }
    ],
    "isTemplate": false,
    "count": 1,
    "updated": 1533691739
  },
  {
    "id": "7377b20a-1cbd-482a-9c3b-8c8105def68d",
    "data": [
      {
        "text": "yeah",
        "userDefined": false
      }
    ],
    "isTemplate": false,
    "count": 0,
    "updated": 1533691739
  },
  {
    "id": "666810ae-e16e-44cd-85cd-1da21d1d7952",
    "data": [
      {
        "text": "yup",
        "userDefined": false
      }
    ],
    "isTemplate": false,
    "count": 0,
    "updated": 1533691739
  },
  {
    "id": "2b9b9dbc-1b0e-4309-9d6f-be92a20acf0e",
    "data": [
      {
        "text": "yes please",
        "userDefined": false
      }
    ],
    "isTemplate": false,
    "count": 0,
    "updated": 1533691739
  },
  {
    "id": "4ad446ae-231e-4c00-b07c-d8341843291c",
    "data": [
      {
        "text": "it looks perfect",
        "userDefined": false
      }
    ],
    "isTemplate": false,
    "count": 0,
    "updated": 1533691739
  },
  {
    "id": "975ac565-2046-4310-95a3-43d44d7265df",
    "data": [
      {
        "text": "sounds good",
        "userDefined": false
      }
    ],
    "isTemplate": false,
    "count": 0,
    "updated": 1533691739
  },
  {
    "id": "3c496ac3-9e4f-48cd-a8cc-de05aece547c",
    "data": [
      {
        "text": "do it",
        "userDefined": false
      }
    ],
    "isTemplate": false,
    "count": 1,
    "updated": 1533691739
  },
  {
    "id": "a036a011-fd75-4b26-8318-2e6bdfeb294a",
    "data": [
      {
        "text": "yes I can",
        "userDefined": false
      }
    ],
    "isTemplate": false,
    "count": 0,
    "updated": 1533691739
  },
  {
    "id": "f588a2c3-145f-4330-9c75-21eb3b2faa7a",
    "data": [
      {
        "text": "alright",
        "userDefined": false
      }
    ],
    "isTemplate": false,
    "count": 0,
    "updated": 1533691739
  },
  {
    "id": "d80ddd54-ee2f-427b-b88a-5a93f713a221",
    "data": [
      {
        "text": "yep",
        "userDefined": false
      }
    ],
    "isTemplate": false,
    "count": 0,
    "updated": 1533691739
  },
  {
    "id": "e07060e3-344f-40c0-b898-78b737f57a69",
    "data": [
      {
        "text": "that\u0027s correct",
        "userDefined": false
      }
    ],
    "isTemplate": false,
    "count": 0,
    "updated": 1533691739
  },
  {
    "id": "43bfb1e1-3522-4440-b6cd-cd67d2ed5584",
    "data": [
      {
        "text": "right",
        "userDefined": false
      }
    ],
    "isTemplate": false,
    "count": 0,
    "updated": 1533691739
  },
  {
    "id": "243b6999-1cc0-4d0b-b5a1-8c06b64e911d",
    "data": [
      {
        "text": "alright why not",
        "userDefined": false
      }
    ],
    "isTemplate": false,
    "count": 0,
    "updated": 1533691739
  }
]