[
  {
    "id": "aacf050f-4e29-4d6b-9101-ad53ca7dc985",
    "data": [
      {
        "text": "Angry",
        "userDefined": false
      }
    ],
    "isTemplate": false,
    "count": 0,
    "updated": 1533577356
  },
  {
    "id": "ec7d7015-1a52-4f57-b365-482c28a380db",
    "data": [
      {
        "text": "Not well. I\u0027m angry",
        "userDefined": false
      }
    ],
    "isTemplate": false,
    "count": 0,
    "updated": 1533577356
  },
  {
    "id": "a4f4000d-397f-48be-bcad-5f74ef7dd6f7",
    "data": [
      {
        "text": "Grrr",
        "userDefined": false
      }
    ],
    "isTemplate": false,
    "count": 1,
    "updated": 1533577356
  },
  {
    "id": "7c1bb228-e36a-4a71-a90a-22f7f0e81968",
    "data": [
      {
        "text": "I\u0027m angry",
        "userDefined": false
      }
    ],
    "isTemplate": false,
    "count": 0,
    "updated": 1533577356
  },
  {
    "id": "255c795d-aa89-4b17-b7f0-3f9b63ce0bbf",
    "data": [
      {
        "text": "Very angry",
        "userDefined": false
      }
    ],
    "isTemplate": false,
    "count": 0,
    "updated": 1533577356
  },
  {
    "id": "ca0b2a9e-82b8-49be-b8ab-dc159efdc74f",
    "data": [
      {
        "text": "Hm. I\u0027m feeling Angry",
        "userDefined": false
      }
    ],
    "isTemplate": false,
    "count": 0,
    "updated": 1533577356
  }
]