[
  {
    "id": "9c109d66-5209-4d26-9a0b-31ebeaf7ab10",
    "data": [
      {
        "text": "sure",
        "userDefined": false
      }
    ],
    "isTemplate": false,
    "count": 2,
    "updated": 1533693250
  },
  {
    "id": "a01b7a5a-c17c-4e88-a72b-b43accf86a55",
    "data": [
      {
        "text": "okay",
        "userDefined": false
      }
    ],
    "isTemplate": false,
    "count": 1,
    "updated": 1533693250
  },
  {
    "id": "f5b4aae1-998c-4e20-84e8-0c24b0afd9b1",
    "data": [
      {
        "text": "sounds correct",
        "userDefined": false
      }
    ],
    "isTemplate": false,
    "count": 1,
    "updated": 1533693250
  },
  {
    "id": "abf2849d-48b1-40f7-847b-3e448fa19db9",
    "data": [
      {
        "text": "yep that\u0027s ok",
        "userDefined": false
      }
    ],
    "isTemplate": false,
    "count": 0,
    "updated": 1533693250
  },
  {
    "id": "4aa75b20-8868-4426-ba78-e9644e3e6727",
    "data": [
      {
        "text": "that works",
        "userDefined": false
      }
    ],
    "isTemplate": false,
    "count": 0,
    "updated": 1533693250
  },
  {
    "id": "aeed1fec-d153-4fc5-a94f-57549d835710",
    "data": [
      {
        "text": "yes that\u0027s alright",
        "userDefined": false
      }
    ],
    "isTemplate": false,
    "count": 0,
    "updated": 1533693250
  },
  {
    "id": "0e9aa463-52d2-4553-a618-d8c8061f5055",
    "data": [
      {
        "text": "I think so",
        "userDefined": false
      }
    ],
    "isTemplate": false,
    "count": 0,
    "updated": 1533693250
  },
  {
    "id": "7b4daeb7-57c6-4c5e-974a-dce24e075e1a",
    "data": [
      {
        "text": "yes I do",
        "userDefined": false
      }
    ],
    "isTemplate": false,
    "count": 0,
    "updated": 1533693250
  },
  {
    "id": "4b165169-6d04-438d-8a0a-cf44c5303a27",
    "data": [
      {
        "text": "for sure",
        "userDefined": false
      }
    ],
    "isTemplate": false,
    "count": 0,
    "updated": 1533693250
  },
  {
    "id": "5b5a4182-8e3c-4046-9a73-450cb0ad865b",
    "data": [
      {
        "text": "sg",
        "userDefined": false
      }
    ],
    "isTemplate": false,
    "count": 0,
    "updated": 1533693250
  },
  {
    "id": "bd44336b-fafa-4e40-8f0f-84c93f56a98a",
    "data": [
      {
        "text": "yes I agree",
        "userDefined": false
      }
    ],
    "isTemplate": false,
    "count": 1,
    "updated": 1533693250
  },
  {
    "id": "5f950395-cf42-40cc-b834-24233016b79c",
    "data": [
      {
        "text": "I agree",
        "userDefined": false
      }
    ],
    "isTemplate": false,
    "count": 2,
    "updated": 1533693250
  },
  {
    "id": "d3bcfd2c-67eb-48c6-94bb-86d37de17440",
    "data": [
      {
        "text": "ok",
        "userDefined": false
      }
    ],
    "isTemplate": false,
    "count": 1,
    "updated": 1533693250
  },
  {
    "id": "d44d749c-68c9-4099-97bb-d18e21c6b2d9",
    "data": [
      {
        "text": "yes that\u0027t ok",
        "userDefined": false
      }
    ],
    "isTemplate": false,
    "count": 0,
    "updated": 1533693250
  },
  {
    "id": "79f4ef76-6f2d-4dfe-8b00-bcec512340ac",
    "data": [
      {
        "text": "that one works",
        "userDefined": false
      }
    ],
    "isTemplate": false,
    "count": 0,
    "updated": 1533693250
  },
  {
    "id": "94cd0c0f-37ff-43e7-a940-9462d0e893c2",
    "data": [
      {
        "text": "I don\u0027t mind",
        "userDefined": false
      }
    ],
    "isTemplate": false,
    "count": 3,
    "updated": 1533693250
  },
  {
    "id": "aee38f6e-0700-4e2d-90db-91bf4b779175",
    "data": [
      {
        "text": "okay I will",
        "userDefined": false
      }
    ],
    "isTemplate": false,
    "count": 2,
    "updated": 1533693250
  },
  {
    "id": "3f76a9f0-2153-4c1d-b48b-42866df1858d",
    "data": [
      {
        "text": "exactly",
        "userDefined": false
      }
    ],
    "isTemplate": false,
    "count": 1,
    "updated": 1533693250
  },
  {
    "id": "d55e33bf-cd78-4283-a041-b70c0661273e",
    "data": [
      {
        "text": "sure why not",
        "userDefined": false
      }
    ],
    "isTemplate": false,
    "count": 0,
    "updated": 1533693250
  },
  {
    "id": "d417fa3c-892f-403f-bd35-c3acdbcc6d6a",
    "data": [
      {
        "text": "yes",
        "userDefined": false
      }
    ],
    "isTemplate": false,
    "count": 1,
    "updated": 1533693250
  },
  {
    "id": "e7a9c2d8-f6e6-4275-b60b-bba798919584",
    "data": [
      {
        "text": "why not",
        "userDefined": false
      }
    ],
    "isTemplate": false,
    "count": 0,
    "updated": 1533693250
  },
  {
    "id": "b66aaac0-a646-4206-aa63-d68280f915d7",
    "data": [
      {
        "text": "of course",
        "userDefined": false
      }
    ],
    "isTemplate": false,
    "count": 0,
    "updated": 1533693250
  },
  {
    "id": "ecba999c-3fc8-495e-8616-cdc80d61d5a0",
    "data": [
      {
        "text": "yep that\u0027s right",
        "userDefined": false
      }
    ],
    "isTemplate": false,
    "count": 1,
    "updated": 1533693250
  },
  {
    "id": "d6572d1a-b1a9-4f12-8b2f-e8fa0bb0b291",
    "data": [
      {
        "text": "yes you can do it",
        "userDefined": false
      }
    ],
    "isTemplate": false,
    "count": 0,
    "updated": 1533693250
  },
  {
    "id": "7100ded4-bf33-45a9-be0d-92eadc9110a9",
    "data": [
      {
        "text": "perfect",
        "userDefined": false
      }
    ],
    "isTemplate": false,
    "count": 0,
    "updated": 1533693250
  },
  {
    "id": "4b4d6b9d-043e-492c-b383-e1fdabab8c8b",
    "data": [
      {
        "text": "it\u0027s okay",
        "userDefined": false
      }
    ],
    "isTemplate": false,
    "count": 0,
    "updated": 1533693250
  },
  {
    "id": "ceb044de-9fe0-4bc2-80b0-892e314f28a8",
    "data": [
      {
        "text": "absolutely",
        "userDefined": false
      }
    ],
    "isTemplate": false,
    "count": 1,
    "updated": 1533693250
  },
  {
    "id": "b77f6f72-356d-4ec4-99cd-f850a0f5bb1a",
    "data": [
      {
        "text": "go ahead",
        "userDefined": false
      }
    ],
    "isTemplate": false,
    "count": 1,
    "updated": 1533693250
  },
  {
    "id": "f7e7f32e-0db5-41cf-9a49-b8aa72aeb07c",
    "data": [
      {
        "text": "it\u0027s fine",
        "userDefined": false
      }
    ],
    "isTemplate": false,
    "count": 0,
    "updated": 1533693250
  },
  {
    "id": "b6379990-3105-476d-907e-de60d92660c8",
    "data": [
      {
        "text": "confirm",
        "userDefined": false
      }
    ],
    "isTemplate": false,
    "count": 1,
    "updated": 1533693250
  },
  {
    "id": "9a91bae4-32ba-4f28-b2d7-3640f44896b5",
    "data": [
      {
        "text": "yeah",
        "userDefined": false
      }
    ],
    "isTemplate": false,
    "count": 0,
    "updated": 1533693250
  },
  {
    "id": "ef3ab0c9-e81d-40ed-b647-b35b2e954023",
    "data": [
      {
        "text": "yup",
        "userDefined": false
      }
    ],
    "isTemplate": false,
    "count": 0,
    "updated": 1533693250
  },
  {
    "id": "d7ac811f-ed62-43ab-97cb-54e6dd2f61ba",
    "data": [
      {
        "text": "yes please",
        "userDefined": false
      }
    ],
    "isTemplate": false,
    "count": 0,
    "updated": 1533693250
  },
  {
    "id": "821100de-82c5-48d6-9ea9-a6fc5e5a6040",
    "data": [
      {
        "text": "it looks perfect",
        "userDefined": false
      }
    ],
    "isTemplate": false,
    "count": 0,
    "updated": 1533693250
  },
  {
    "id": "924deb86-ac7e-4d3c-9130-63e79fc7f1e9",
    "data": [
      {
        "text": "sounds good",
        "userDefined": false
      }
    ],
    "isTemplate": false,
    "count": 0,
    "updated": 1533693250
  },
  {
    "id": "d5a0ead0-738f-434c-93a4-fd647cb53822",
    "data": [
      {
        "text": "do it",
        "userDefined": false
      }
    ],
    "isTemplate": false,
    "count": 1,
    "updated": 1533693250
  },
  {
    "id": "9c7e418a-97a4-48b5-b53f-4bb757e4e73b",
    "data": [
      {
        "text": "yes I can",
        "userDefined": false
      }
    ],
    "isTemplate": false,
    "count": 0,
    "updated": 1533693250
  },
  {
    "id": "99f8eafc-fa31-4714-95b8-c1e660b6d247",
    "data": [
      {
        "text": "alright",
        "userDefined": false
      }
    ],
    "isTemplate": false,
    "count": 0,
    "updated": 1533693250
  },
  {
    "id": "c388690f-a135-4880-8acb-28576aea2e82",
    "data": [
      {
        "text": "yep",
        "userDefined": false
      }
    ],
    "isTemplate": false,
    "count": 0,
    "updated": 1533693250
  },
  {
    "id": "a80f264b-08d5-44fb-80d0-72feee0f29d3",
    "data": [
      {
        "text": "that\u0027s correct",
        "userDefined": false
      }
    ],
    "isTemplate": false,
    "count": 0,
    "updated": 1533693250
  },
  {
    "id": "2a52622c-11ed-4bc4-8aae-e5469fbec4c5",
    "data": [
      {
        "text": "right",
        "userDefined": false
      }
    ],
    "isTemplate": false,
    "count": 0,
    "updated": 1533693250
  },
  {
    "id": "77a48700-a4c9-4845-ae2f-bde64dc5bb43",
    "data": [
      {
        "text": "alright why not",
        "userDefined": false
      }
    ],
    "isTemplate": false,
    "count": 0,
    "updated": 1533693250
  }
]