[
  {
    "id": "6b348aa0-484d-4d6f-a4d6-7ad408ee522f",
    "data": [
      {
        "text": "sure",
        "userDefined": false
      }
    ],
    "isTemplate": false,
    "count": 2,
    "updated": 1533693506
  },
  {
    "id": "cc133c93-6362-49fa-b84c-b740b3093946",
    "data": [
      {
        "text": "okay",
        "userDefined": false
      }
    ],
    "isTemplate": false,
    "count": 1,
    "updated": 1533693506
  },
  {
    "id": "9fc58199-3c4b-4c30-afe8-59862d36e14a",
    "data": [
      {
        "text": "sounds correct",
        "userDefined": false
      }
    ],
    "isTemplate": false,
    "count": 1,
    "updated": 1533693506
  },
  {
    "id": "1cc50062-a519-4543-89c1-dfef2e009953",
    "data": [
      {
        "text": "yep that\u0027s ok",
        "userDefined": false
      }
    ],
    "isTemplate": false,
    "count": 0,
    "updated": 1533693506
  },
  {
    "id": "d258293e-6ada-4392-bf90-3693c3039678",
    "data": [
      {
        "text": "that works",
        "userDefined": false
      }
    ],
    "isTemplate": false,
    "count": 0,
    "updated": 1533693506
  },
  {
    "id": "c10a50da-599d-4868-a599-cd9e909e9dcb",
    "data": [
      {
        "text": "yes that\u0027s alright",
        "userDefined": false
      }
    ],
    "isTemplate": false,
    "count": 0,
    "updated": 1533693506
  },
  {
    "id": "20fe52fd-1e65-4a8f-90e6-1d8ee2e074f7",
    "data": [
      {
        "text": "I think so",
        "userDefined": false
      }
    ],
    "isTemplate": false,
    "count": 0,
    "updated": 1533693506
  },
  {
    "id": "232e54a8-6902-48dc-b1d5-8362dd99e8cf",
    "data": [
      {
        "text": "yes I do",
        "userDefined": false
      }
    ],
    "isTemplate": false,
    "count": 0,
    "updated": 1533693506
  },
  {
    "id": "92140347-3233-4fec-b3d2-2d2b9afb7fbc",
    "data": [
      {
        "text": "for sure",
        "userDefined": false
      }
    ],
    "isTemplate": false,
    "count": 0,
    "updated": 1533693506
  },
  {
    "id": "2d413c0e-d1d4-4cd6-838d-6f6c01633a48",
    "data": [
      {
        "text": "sg",
        "userDefined": false
      }
    ],
    "isTemplate": false,
    "count": 0,
    "updated": 1533693506
  },
  {
    "id": "e7ae724a-d380-4478-8804-08c82ffec947",
    "data": [
      {
        "text": "yes I agree",
        "userDefined": false
      }
    ],
    "isTemplate": false,
    "count": 1,
    "updated": 1533693506
  },
  {
    "id": "7f02f900-e615-4c80-ace9-a9b485a4c000",
    "data": [
      {
        "text": "I agree",
        "userDefined": false
      }
    ],
    "isTemplate": false,
    "count": 2,
    "updated": 1533693506
  },
  {
    "id": "ad5b3302-55ac-45f6-9810-35b946e485a0",
    "data": [
      {
        "text": "ok",
        "userDefined": false
      }
    ],
    "isTemplate": false,
    "count": 1,
    "updated": 1533693506
  },
  {
    "id": "c54a2cd0-3a5d-4bab-a5b4-7daa76ff0858",
    "data": [
      {
        "text": "yes that\u0027t ok",
        "userDefined": false
      }
    ],
    "isTemplate": false,
    "count": 0,
    "updated": 1533693506
  },
  {
    "id": "6bfe7db5-95f3-4519-aed5-c11e083cbea0",
    "data": [
      {
        "text": "that one works",
        "userDefined": false
      }
    ],
    "isTemplate": false,
    "count": 0,
    "updated": 1533693506
  },
  {
    "id": "90bcc9f1-4199-4efc-a015-5b6cda9e2e35",
    "data": [
      {
        "text": "I don\u0027t mind",
        "userDefined": false
      }
    ],
    "isTemplate": false,
    "count": 3,
    "updated": 1533693506
  },
  {
    "id": "2f08aa44-b7ac-4ce1-8172-588a4366024a",
    "data": [
      {
        "text": "okay I will",
        "userDefined": false
      }
    ],
    "isTemplate": false,
    "count": 2,
    "updated": 1533693506
  },
  {
    "id": "95f59b02-3a9d-4919-b943-8b1945d4fa63",
    "data": [
      {
        "text": "exactly",
        "userDefined": false
      }
    ],
    "isTemplate": false,
    "count": 1,
    "updated": 1533693506
  },
  {
    "id": "53a04d47-15b1-497e-9ed9-385966ea12d1",
    "data": [
      {
        "text": "sure why not",
        "userDefined": false
      }
    ],
    "isTemplate": false,
    "count": 0,
    "updated": 1533693506
  },
  {
    "id": "575d83f5-06ef-4d1d-8f1e-97230d60c00f",
    "data": [
      {
        "text": "yes",
        "userDefined": false
      }
    ],
    "isTemplate": false,
    "count": 1,
    "updated": 1533693506
  },
  {
    "id": "e6ba9112-b9a9-400c-8cc9-bd35fa522b76",
    "data": [
      {
        "text": "why not",
        "userDefined": false
      }
    ],
    "isTemplate": false,
    "count": 0,
    "updated": 1533693506
  },
  {
    "id": "43644665-1ed0-4a6f-84aa-22b458d3ba4c",
    "data": [
      {
        "text": "of course",
        "userDefined": false
      }
    ],
    "isTemplate": false,
    "count": 0,
    "updated": 1533693506
  },
  {
    "id": "dbe7e332-a469-4605-b95e-538b6d39a2ba",
    "data": [
      {
        "text": "yep that\u0027s right",
        "userDefined": false
      }
    ],
    "isTemplate": false,
    "count": 1,
    "updated": 1533693506
  },
  {
    "id": "1dd37d68-ca52-41ab-bd87-11ddbae970b9",
    "data": [
      {
        "text": "yes you can do it",
        "userDefined": false
      }
    ],
    "isTemplate": false,
    "count": 0,
    "updated": 1533693506
  },
  {
    "id": "cea00a4b-f194-4110-935e-56b63e0681cf",
    "data": [
      {
        "text": "perfect",
        "userDefined": false
      }
    ],
    "isTemplate": false,
    "count": 0,
    "updated": 1533693506
  },
  {
    "id": "281697e6-a0d8-4245-8dfc-36500411f1e0",
    "data": [
      {
        "text": "it\u0027s okay",
        "userDefined": false
      }
    ],
    "isTemplate": false,
    "count": 0,
    "updated": 1533693506
  },
  {
    "id": "ac43abed-ec77-466e-840a-42ad1f19b6c3",
    "data": [
      {
        "text": "absolutely",
        "userDefined": false
      }
    ],
    "isTemplate": false,
    "count": 1,
    "updated": 1533693506
  },
  {
    "id": "9e30d3f0-8e89-43a4-9ca0-2176c73e7b7b",
    "data": [
      {
        "text": "go ahead",
        "userDefined": false
      }
    ],
    "isTemplate": false,
    "count": 1,
    "updated": 1533693506
  },
  {
    "id": "08dc6b70-492f-473d-94a0-0272038749e6",
    "data": [
      {
        "text": "it\u0027s fine",
        "userDefined": false
      }
    ],
    "isTemplate": false,
    "count": 0,
    "updated": 1533693506
  },
  {
    "id": "85bdb8db-0af4-4680-a6fd-93ee57373c21",
    "data": [
      {
        "text": "confirm",
        "userDefined": false
      }
    ],
    "isTemplate": false,
    "count": 1,
    "updated": 1533693506
  },
  {
    "id": "1a9ad343-c53d-4ecb-b4d1-b22d79725774",
    "data": [
      {
        "text": "yeah",
        "userDefined": false
      }
    ],
    "isTemplate": false,
    "count": 0,
    "updated": 1533693506
  },
  {
    "id": "db40fe6a-c723-4c4e-b8b9-974771b38c2d",
    "data": [
      {
        "text": "yup",
        "userDefined": false
      }
    ],
    "isTemplate": false,
    "count": 0,
    "updated": 1533693506
  },
  {
    "id": "b8e1caa7-08b1-4cf2-ac5f-1052171a7dd7",
    "data": [
      {
        "text": "yes please",
        "userDefined": false
      }
    ],
    "isTemplate": false,
    "count": 0,
    "updated": 1533693506
  },
  {
    "id": "8800622d-0536-401b-b6bf-646d3a881bf0",
    "data": [
      {
        "text": "it looks perfect",
        "userDefined": false
      }
    ],
    "isTemplate": false,
    "count": 0,
    "updated": 1533693506
  },
  {
    "id": "0ef2ecfd-742e-4693-b1b0-9fecdf11d9c2",
    "data": [
      {
        "text": "sounds good",
        "userDefined": false
      }
    ],
    "isTemplate": false,
    "count": 0,
    "updated": 1533693506
  },
  {
    "id": "8c7369da-298c-4f83-bb3d-30464f5bc0e4",
    "data": [
      {
        "text": "do it",
        "userDefined": false
      }
    ],
    "isTemplate": false,
    "count": 1,
    "updated": 1533693506
  },
  {
    "id": "de833663-40bd-4555-a11f-1f073d453183",
    "data": [
      {
        "text": "yes I can",
        "userDefined": false
      }
    ],
    "isTemplate": false,
    "count": 0,
    "updated": 1533693506
  },
  {
    "id": "ccfe13d4-a71c-4452-836a-92331bbac10f",
    "data": [
      {
        "text": "alright",
        "userDefined": false
      }
    ],
    "isTemplate": false,
    "count": 0,
    "updated": 1533693506
  },
  {
    "id": "74a1eb80-ea4d-495a-808a-b4f3654d822e",
    "data": [
      {
        "text": "yep",
        "userDefined": false
      }
    ],
    "isTemplate": false,
    "count": 0,
    "updated": 1533693506
  },
  {
    "id": "f92eb0e8-e46a-497b-a1f9-99d259168333",
    "data": [
      {
        "text": "that\u0027s correct",
        "userDefined": false
      }
    ],
    "isTemplate": false,
    "count": 0,
    "updated": 1533693506
  },
  {
    "id": "7890cbd6-f84b-44ef-889c-510310eb5819",
    "data": [
      {
        "text": "right",
        "userDefined": false
      }
    ],
    "isTemplate": false,
    "count": 0,
    "updated": 1533693506
  },
  {
    "id": "07d7956a-8af0-4423-bc80-7cccc9394dc9",
    "data": [
      {
        "text": "alright why not",
        "userDefined": false
      }
    ],
    "isTemplate": false,
    "count": 0,
    "updated": 1533693506
  }
]