[
  {
    "id": "0ae79d9c-80b6-47fa-9ab3-739da3115a91",
    "data": [
      {
        "text": "sure",
        "userDefined": false
      }
    ],
    "isTemplate": false,
    "count": 2,
    "updated": 1533692646
  },
  {
    "id": "54de680b-2109-41bc-906e-19708070531b",
    "data": [
      {
        "text": "okay",
        "userDefined": false
      }
    ],
    "isTemplate": false,
    "count": 1,
    "updated": 1533692646
  },
  {
    "id": "4586a21e-4464-4a09-ae92-3b63ebd8fb9d",
    "data": [
      {
        "text": "sounds correct",
        "userDefined": false
      }
    ],
    "isTemplate": false,
    "count": 1,
    "updated": 1533692646
  },
  {
    "id": "84889bf5-195f-4ba3-ac20-ce98f9a85718",
    "data": [
      {
        "text": "yep that\u0027s ok",
        "userDefined": false
      }
    ],
    "isTemplate": false,
    "count": 0,
    "updated": 1533692646
  },
  {
    "id": "2e9b26ef-ecbf-49ff-8eb8-b574a25ad170",
    "data": [
      {
        "text": "that works",
        "userDefined": false
      }
    ],
    "isTemplate": false,
    "count": 0,
    "updated": 1533692646
  },
  {
    "id": "9d8d0b39-bb32-42c2-87f4-9798d56e0096",
    "data": [
      {
        "text": "yes that\u0027s alright",
        "userDefined": false
      }
    ],
    "isTemplate": false,
    "count": 0,
    "updated": 1533692646
  },
  {
    "id": "9278cb75-8b90-4d56-9ea5-193c124e4657",
    "data": [
      {
        "text": "I think so",
        "userDefined": false
      }
    ],
    "isTemplate": false,
    "count": 0,
    "updated": 1533692646
  },
  {
    "id": "8e2a4269-204b-4bde-8ae0-c93afc2be0e2",
    "data": [
      {
        "text": "yes I do",
        "userDefined": false
      }
    ],
    "isTemplate": false,
    "count": 0,
    "updated": 1533692646
  },
  {
    "id": "28150555-b9e9-44c2-b7fd-3302d0c3ee6c",
    "data": [
      {
        "text": "for sure",
        "userDefined": false
      }
    ],
    "isTemplate": false,
    "count": 0,
    "updated": 1533692646
  },
  {
    "id": "756f94c4-b4e9-4c2c-a153-2b7dd6ee577e",
    "data": [
      {
        "text": "sg",
        "userDefined": false
      }
    ],
    "isTemplate": false,
    "count": 0,
    "updated": 1533692646
  },
  {
    "id": "da34fddc-0f08-4734-bf52-d1b74af62986",
    "data": [
      {
        "text": "yes I agree",
        "userDefined": false
      }
    ],
    "isTemplate": false,
    "count": 1,
    "updated": 1533692646
  },
  {
    "id": "dc72be1a-8b30-4bb5-9296-9b818be9f4a5",
    "data": [
      {
        "text": "I agree",
        "userDefined": false
      }
    ],
    "isTemplate": false,
    "count": 2,
    "updated": 1533692646
  },
  {
    "id": "afa11846-be00-4c33-90db-1287d414a61f",
    "data": [
      {
        "text": "ok",
        "userDefined": false
      }
    ],
    "isTemplate": false,
    "count": 1,
    "updated": 1533692646
  },
  {
    "id": "fd8ad4ef-d309-4fa7-9f43-9a0cf8c7c1ee",
    "data": [
      {
        "text": "yes that\u0027t ok",
        "userDefined": false
      }
    ],
    "isTemplate": false,
    "count": 0,
    "updated": 1533692646
  },
  {
    "id": "5d88700b-f4a3-4a03-935a-44c19d2a447b",
    "data": [
      {
        "text": "that one works",
        "userDefined": false
      }
    ],
    "isTemplate": false,
    "count": 0,
    "updated": 1533692646
  },
  {
    "id": "2c70fbf3-a570-4b49-96be-48b2700c0812",
    "data": [
      {
        "text": "I don\u0027t mind",
        "userDefined": false
      }
    ],
    "isTemplate": false,
    "count": 3,
    "updated": 1533692646
  },
  {
    "id": "c7cb5db8-6d5c-4674-9d50-542bc11c33af",
    "data": [
      {
        "text": "okay I will",
        "userDefined": false
      }
    ],
    "isTemplate": false,
    "count": 2,
    "updated": 1533692646
  },
  {
    "id": "b2626c32-bf6e-4446-8e58-8293d4e88b62",
    "data": [
      {
        "text": "exactly",
        "userDefined": false
      }
    ],
    "isTemplate": false,
    "count": 1,
    "updated": 1533692646
  },
  {
    "id": "fcfe84ab-b233-4c66-8514-41100120dbca",
    "data": [
      {
        "text": "sure why not",
        "userDefined": false
      }
    ],
    "isTemplate": false,
    "count": 0,
    "updated": 1533692646
  },
  {
    "id": "22cbf837-e00e-495e-ad5a-d7351f7c45cf",
    "data": [
      {
        "text": "yes",
        "userDefined": false
      }
    ],
    "isTemplate": false,
    "count": 1,
    "updated": 1533692646
  },
  {
    "id": "3774ac35-9169-4383-a687-57686c32f9aa",
    "data": [
      {
        "text": "why not",
        "userDefined": false
      }
    ],
    "isTemplate": false,
    "count": 0,
    "updated": 1533692646
  },
  {
    "id": "487fcb06-6670-4a63-a441-b9065a7b034e",
    "data": [
      {
        "text": "of course",
        "userDefined": false
      }
    ],
    "isTemplate": false,
    "count": 0,
    "updated": 1533692646
  },
  {
    "id": "48a0568c-267f-4a3f-81ea-2f7ba89e072c",
    "data": [
      {
        "text": "yep that\u0027s right",
        "userDefined": false
      }
    ],
    "isTemplate": false,
    "count": 1,
    "updated": 1533692646
  },
  {
    "id": "d10ba47a-064d-4508-9e16-a8abef1a9e8c",
    "data": [
      {
        "text": "yes you can do it",
        "userDefined": false
      }
    ],
    "isTemplate": false,
    "count": 0,
    "updated": 1533692646
  },
  {
    "id": "58f5b2d1-cd83-41b4-a385-e3e4b5ab073e",
    "data": [
      {
        "text": "perfect",
        "userDefined": false
      }
    ],
    "isTemplate": false,
    "count": 0,
    "updated": 1533692646
  },
  {
    "id": "cd64051d-2e35-4fcb-9b4e-ea4701df599b",
    "data": [
      {
        "text": "it\u0027s okay",
        "userDefined": false
      }
    ],
    "isTemplate": false,
    "count": 0,
    "updated": 1533692646
  },
  {
    "id": "bd516d03-6883-4c5d-aacd-3dab596011f7",
    "data": [
      {
        "text": "absolutely",
        "userDefined": false
      }
    ],
    "isTemplate": false,
    "count": 1,
    "updated": 1533692646
  },
  {
    "id": "a6ced83c-6974-47a3-8539-fc6d1d9fe050",
    "data": [
      {
        "text": "go ahead",
        "userDefined": false
      }
    ],
    "isTemplate": false,
    "count": 1,
    "updated": 1533692646
  },
  {
    "id": "b5cc400b-6615-4347-b5a5-0d9f9f661291",
    "data": [
      {
        "text": "it\u0027s fine",
        "userDefined": false
      }
    ],
    "isTemplate": false,
    "count": 0,
    "updated": 1533692646
  },
  {
    "id": "d6e2e9a7-48f6-45d5-bf50-61ed7236e15e",
    "data": [
      {
        "text": "confirm",
        "userDefined": false
      }
    ],
    "isTemplate": false,
    "count": 1,
    "updated": 1533692646
  },
  {
    "id": "429f5de1-3a91-4362-accc-605ea153c995",
    "data": [
      {
        "text": "yeah",
        "userDefined": false
      }
    ],
    "isTemplate": false,
    "count": 0,
    "updated": 1533692646
  },
  {
    "id": "5a758bc5-155c-41c7-92b6-11a0107556c5",
    "data": [
      {
        "text": "yup",
        "userDefined": false
      }
    ],
    "isTemplate": false,
    "count": 0,
    "updated": 1533692646
  },
  {
    "id": "f730373e-c583-444d-9ca5-62e69a5ebdcc",
    "data": [
      {
        "text": "yes please",
        "userDefined": false
      }
    ],
    "isTemplate": false,
    "count": 0,
    "updated": 1533692646
  },
  {
    "id": "2b163955-c1df-4291-be9b-230400230fc2",
    "data": [
      {
        "text": "it looks perfect",
        "userDefined": false
      }
    ],
    "isTemplate": false,
    "count": 0,
    "updated": 1533692646
  },
  {
    "id": "c47a8c4d-d31c-41d2-b1d4-9714fdbf53c3",
    "data": [
      {
        "text": "sounds good",
        "userDefined": false
      }
    ],
    "isTemplate": false,
    "count": 0,
    "updated": 1533692646
  },
  {
    "id": "4ccb329a-63d6-48be-a3d7-1c38bd9c8992",
    "data": [
      {
        "text": "do it",
        "userDefined": false
      }
    ],
    "isTemplate": false,
    "count": 1,
    "updated": 1533692646
  },
  {
    "id": "73f8ecfc-0a44-4d16-a826-476809ee593b",
    "data": [
      {
        "text": "yes I can",
        "userDefined": false
      }
    ],
    "isTemplate": false,
    "count": 0,
    "updated": 1533692646
  },
  {
    "id": "9b1b2eb6-e24d-4a3a-97d3-891b0d3599e9",
    "data": [
      {
        "text": "alright",
        "userDefined": false
      }
    ],
    "isTemplate": false,
    "count": 0,
    "updated": 1533692646
  },
  {
    "id": "4e3642f3-9c46-405a-ad4d-b37266142726",
    "data": [
      {
        "text": "yep",
        "userDefined": false
      }
    ],
    "isTemplate": false,
    "count": 0,
    "updated": 1533692646
  },
  {
    "id": "76360d11-cce3-48f4-9cf3-128ff9201936",
    "data": [
      {
        "text": "that\u0027s correct",
        "userDefined": false
      }
    ],
    "isTemplate": false,
    "count": 0,
    "updated": 1533692646
  },
  {
    "id": "871e5cfd-95c5-4942-bae6-bd97d6ac9581",
    "data": [
      {
        "text": "right",
        "userDefined": false
      }
    ],
    "isTemplate": false,
    "count": 0,
    "updated": 1533692646
  },
  {
    "id": "251254bc-d9c4-4e49-beee-b12430c6bb09",
    "data": [
      {
        "text": "alright why not",
        "userDefined": false
      }
    ],
    "isTemplate": false,
    "count": 0,
    "updated": 1533692646
  }
]