[
  {
    "id": "9cbbbc73-5fa9-4afe-8bc7-f640f87c6dea",
    "data": [
      {
        "text": "Go ahead",
        "userDefined": false
      }
    ],
    "isTemplate": false,
    "count": 0,
    "updated": 1533578695
  },
  {
    "id": "5124c1e4-dec8-4cdd-8a45-9abc823da12d",
    "data": [
      {
        "text": "Yes",
        "userDefined": false
      }
    ],
    "isTemplate": false,
    "count": 0,
    "updated": 1533578695
  },
  {
    "id": "f2b3e02f-52d1-49aa-bcdf-3ba497fdd813",
    "data": [
      {
        "text": "Sure",
        "userDefined": false
      }
    ],
    "isTemplate": false,
    "count": 0,
    "updated": 1533578695
  },
  {
    "id": "af3a55ce-d23b-4ae6-8c50-2dd0741ec2e4",
    "data": [
      {
        "text": "Yeah",
        "userDefined": false
      }
    ],
    "isTemplate": false,
    "count": 0,
    "updated": 1533578695
  },
  {
    "id": "0b8ed233-7cf4-404f-9c33-aaa27b91f5e2",
    "data": [
      {
        "text": "Yep",
        "userDefined": false
      }
    ],
    "isTemplate": false,
    "count": 0,
    "updated": 1533578695
  },
  {
    "id": "3fda1fec-4e2c-46cb-836d-e86e22a5e242",
    "data": [
      {
        "text": "Ok sure",
        "userDefined": false
      }
    ],
    "isTemplate": false,
    "count": 0,
    "updated": 1533578695
  },
  {
    "id": "48c52346-d1fc-46ab-b61a-ec5edb11d776",
    "data": [
      {
        "text": "Why not, sure. Go ahead.",
        "userDefined": false
      }
    ],
    "isTemplate": false,
    "count": 0,
    "updated": 1533578695
  }
]