[
  {
    "id": "9d6e1fe8-3771-4f7f-8cc8-7a5b5a78b71d",
    "data": [
      {
        "text": "I greet you",
        "userDefined": false
      }
    ],
    "isTemplate": false,
    "count": 0,
    "updated": 1533579873
  },
  {
    "id": "54adb0d9-9c54-4e0b-898f-69a9f2074c73",
    "data": [
      {
        "text": "hey there",
        "userDefined": false
      }
    ],
    "isTemplate": false,
    "count": 0,
    "updated": 1533579873
  },
  {
    "id": "2db6dbcc-22c0-4392-bcfd-f1011d103b0d",
    "data": [
      {
        "text": "heya",
        "userDefined": false
      }
    ],
    "isTemplate": false,
    "count": 0,
    "updated": 1533579873
  },
  {
    "id": "b8db2e69-f998-413a-9960-4321bd5a2294",
    "data": [
      {
        "text": "long time no see",
        "userDefined": false
      }
    ],
    "isTemplate": false,
    "count": 0,
    "updated": 1533579873
  },
  {
    "id": "22906c3e-bef8-4e22-b910-9d0ba56d2578",
    "data": [
      {
        "text": "hi",
        "userDefined": false
      }
    ],
    "isTemplate": false,
    "count": 0,
    "updated": 1533579873
  },
  {
    "id": "89cb9c8c-3741-4106-a3dc-c3607cab0a3b",
    "data": [
      {
        "text": "hello again",
        "userDefined": false
      }
    ],
    "isTemplate": false,
    "count": 0,
    "updated": 1533579873
  },
  {
    "id": "b73030f0-d3ca-4efc-91ce-cc0581ad9be5",
    "data": [
      {
        "text": "hey",
        "userDefined": false
      }
    ],
    "isTemplate": false,
    "count": 0,
    "updated": 1533579873
  },
  {
    "id": "724ee4d2-a8d8-4d78-ae19-618d2adb080a",
    "data": [
      {
        "text": "hello hi",
        "userDefined": false
      }
    ],
    "isTemplate": false,
    "count": 0,
    "updated": 1533579873
  },
  {
    "id": "97eee989-a139-4e6e-82e2-8e487bc6a5ab",
    "data": [
      {
        "text": "greetings",
        "userDefined": false
      }
    ],
    "isTemplate": false,
    "count": 0,
    "updated": 1533579873
  },
  {
    "id": "152cf1bf-f6d6-415f-a48c-6f2463102c40",
    "data": [
      {
        "text": "howdy",
        "userDefined": false
      }
    ],
    "isTemplate": false,
    "count": 0,
    "updated": 1533579873
  },
  {
    "id": "f94eed09-48de-4386-9d5d-a4895d30e6f7",
    "data": [
      {
        "text": "just going to say hi",
        "userDefined": false
      }
    ],
    "isTemplate": false,
    "count": 0,
    "updated": 1533579873
  },
  {
    "id": "a945063d-b509-4e7f-ae0d-c9eb497fb518",
    "data": [
      {
        "text": "hello",
        "userDefined": false
      }
    ],
    "isTemplate": false,
    "count": 0,
    "updated": 1533579873
  },
  {
    "id": "196ced17-8371-4234-a0a7-047b284f8b12",
    "data": [
      {
        "text": "lovely day isn\u0027t it",
        "userDefined": false
      }
    ],
    "isTemplate": false,
    "count": 0,
    "updated": 1533579873
  },
  {
    "id": "c8ec293b-0c57-4b69-b4bc-dd5edc5c590b",
    "data": [
      {
        "text": "a good day",
        "userDefined": false
      }
    ],
    "isTemplate": false,
    "count": 0,
    "updated": 1533579873
  },
  {
    "id": "3bce9102-db0b-44b4-9f6d-2d65c4711fa4",
    "data": [
      {
        "text": "hi there",
        "userDefined": false
      }
    ],
    "isTemplate": false,
    "count": 1,
    "updated": 1533579873
  },
  {
    "id": "bf79733c-0cc9-4cfc-9d7c-e950365e81af",
    "data": [
      {
        "text": "hello there",
        "userDefined": false
      }
    ],
    "isTemplate": false,
    "count": 0,
    "updated": 1533579873
  }
]